,hf,mech,parameter,inc,lambda,max V,max Cai,max Ta,max CaTrpn,TT max V,TT max Cai,TT max Ta,TT max CaTrpn,min V,min Cai,min Ta,min CaTrpn,ADP40,ADP90,CATD30,CATD90,TAD50,TAD90
0,gomez,dyn,ku,0.8,1.0,40.23336293740716,0.00026070583856963866,1.126721324586981,0.07050972815932179,16.4,153.3,207.5,123.7,-87.78791649168245,9.138746965165684e-05,0.12830593414781907,0.020026261826760546,236.7,345.5,293.4,577.6,391.0,576.2
1,gomez,dyn,ku,1.0,1.0,40.233912960623286,0.0002607996826655525,1.1269184723240209,0.07034028895743817,16.4,152.5,205.1,124.4,-87.78776430102634,9.140788153439365e-05,0.12834793072993456,0.020033871310320223,236.7,345.4,293.0,577.8,389.3,575.7
2,gomez,dyn,ku,1.2,1.0,40.23427309954273,0.0002608554142374487,1.1269088387002397,0.07023187971674641,16.4,152.0,203.5,124.8,-87.78766197482841,9.142166586093145e-05,0.12837662946981557,0.02003900764925822,236.7,345.4,292.7,578.0,388.2,575.4
3,gomez,dyn,ku,0.8,1.05,40.25666107086842,0.0002643624628694651,1.2955933352651368,0.07374444164945365,16.5,151.2,203.2,119.0,-87.791114841345,9.083881087874653e-05,0.21925666718343312,0.02518495235441905,236.6,345.8,292.3,564.0,386.2,575.4
4,gomez,dyn,ku,1.0,1.05,40.25733783399599,0.0002644487800351991,1.2955551603051063,0.07354843851911094,16.5,150.4,200.8,119.9,-87.79090903889815,9.086695649357913e-05,0.21939646513372354,0.025193428075752144,236.6,345.7,291.8,564.4,384.4,575.2
5,gomez,dyn,ku,1.2,1.05,40.25777826866157,0.000264499500814731,1.2953843331362547,0.073424671687999,16.5,149.9,199.2,120.5,-87.79077028778796,9.088603168769993e-05,0.21949182657118424,0.025199171768787037,236.5,345.7,291.4,564.7,383.3,575.1
6,gomez,dyn,ku,0.8,1.1,40.283574816363064,0.00026961793162858606,1.5593069049623098,0.07833464931347754,16.6,148.2,197.4,112.9,-87.79287649984019,9.049098593023162e-05,0.4215561897388479,0.03229318217401778,236.3,346.2,290.3,543.6,376.5,560.7
7,gomez,dyn,ku,1.0,1.1,40.28444303354717,0.00026969090030685083,1.5589307171028186,0.07809970765978101,16.6,147.4,195.0,114.3,-87.79260967531286,9.05280220864643e-05,0.42178948977042624,0.03230306456234583,236.3,346.1,289.7,544.3,374.7,561.1
8,gomez,dyn,ku,1.2,1.1,40.28500444156902,0.0002697328314583566,1.558533535030337,0.07795480653320346,16.6,146.9,193.4,115.1,-87.7924288749738,9.055323233049486e-05,0.4219490025863844,0.03230979230372152,236.3,346.1,289.4,544.7,373.6,561.4
0,gomez,dyn,kuw,0.8,1.0,40.23358933845225,0.00026078923802339807,1.1277552726671456,0.07042641914179032,16.4,152.9,206.2,123.8,-87.78789567749733,9.13895057044585e-05,0.12831962430318183,0.02002652877325987,236.7,345.5,293.2,577.6,390.5,576.2
1,gomez,dyn,kuw,1.0,1.0,40.233912960623286,0.0002607996826655525,1.1269184723240209,0.07034028895743817,16.4,152.5,205.1,124.4,-87.78776430102634,9.140788153439365e-05,0.12834793072993456,0.020033871310320223,236.7,345.4,293.0,577.8,389.3,575.7
2,gomez,dyn,kuw,1.2,1.0,40.23412949621259,0.0002608054936860317,1.1263401537772144,0.0702849695985801,16.4,152.3,204.4,124.7,-87.78767551981849,9.142031372896922e-05,0.12836789065673904,0.02003883087318975,236.7,345.4,292.9,577.9,388.5,575.4
3,gomez,dyn,kuw,0.8,1.05,40.2569703875552,0.0002644470564829073,1.2965373569460312,0.07363746544897194,16.5,150.8,201.8,119.3,-87.79107029332823,9.084409376606544e-05,0.2192890153109762,0.025185944206388904,236.6,345.8,292.0,564.1,385.5,575.4
4,gomez,dyn,kuw,1.0,1.05,40.25733783399599,0.0002644487800351991,1.2955551603051063,0.07354843851911094,16.5,150.4,200.8,119.9,-87.79090903889815,9.086695649357913e-05,0.21939646513372354,0.025193428075752144,236.6,345.7,291.8,564.4,384.4,575.2
5,gomez,dyn,kuw,1.2,1.05,40.257579882342036,0.00026444964161376585,1.2948868408277816,0.07349176609428237,16.5,150.2,200.1,120.3,-87.7907997132081,9.088248113586197e-05,0.21947049458896797,0.02519850259651219,236.5,345.7,291.6,564.6,383.7,575.2
6,gomez,dyn,kuw,0.8,1.1,40.28401808030271,0.0002697017669865253,1.5600846605731475,0.07819190555844369,16.6,147.7,195.9,113.5,-87.79278995652504,9.050224839016725e-05,0.42162818646342937,0.032295797247411856,236.3,346.2,289.9,543.8,375.7,560.8
7,gomez,dyn,kuw,1.0,1.1,40.28444303354717,0.00026969090030685083,1.5589307171028186,0.07809970765978101,16.6,147.4,195.0,114.3,-87.79260967531286,9.05280220864643e-05,0.42178948977042624,0.03230306456234583,236.3,346.1,289.7,544.3,374.7,561.1
8,gomez,dyn,kuw,1.2,1.1,40.28471841760255,0.0002696844470725636,1.5581572961252197,0.07804188880592676,16.6,147.2,194.4,114.7,-87.79248694442605,9.054559411163252e-05,0.42190037583095225,0.0323080128248618,236.3,346.1,289.6,544.6,374.1,561.3
0,gomez,dyn,kws,0.8,1.0,40.232216819520666,0.00025983425934816617,1.1101768998640458,0.07098671682031239,16.4,155.5,215.5,123.3,-87.78925477340185,9.119725334719411e-05,0.12819910336958174,0.01994491130382425,236.8,345.6,295.4,578.9,405.3,594.1
1,gomez,dyn,kws,1.0,1.0,40.233912960623286,0.0002607996826655525,1.1269184723240209,0.07034028895743817,16.4,152.5,205.1,124.4,-87.78776430102634,9.140788153439365e-05,0.12834793072993456,0.020033871310320223,236.7,345.4,293.0,577.8,389.3,575.7
2,gomez,dyn,kws,1.2,1.0,40.23524460180913,0.00026140753986365493,1.1372196639168124,0.06988132810671115,16.4,150.3,197.5,125.5,-87.78685871670882,9.153479608573879e-05,0.12843527373873828,0.020087447981962214,236.6,345.3,291.3,578.2,378.7,565.8
3,gomez,dyn,kws,0.8,1.05,40.25532949855372,0.0002634598469805128,1.2793903211478876,0.07426743480683869,16.5,153.5,210.9,118.3,-87.792586892878,9.063029046370798e-05,0.21840488663500815,0.025114757767050723,236.7,345.9,294.4,565.0,399.8,588.9
4,gomez,dyn,kws,1.0,1.05,40.25733783399599,0.0002644487800351991,1.2955551603051063,0.07354843851911094,16.5,150.4,200.8,119.9,-87.79090903889815,9.086695649357913e-05,0.21939646513372354,0.025193428075752144,236.6,345.7,291.8,564.4,384.4,575.2
5,gomez,dyn,kws,1.2,1.05,40.25888151277965,0.00026507295962845524,1.3054609875307472,0.0730473631331989,16.5,148.2,193.4,121.3,-87.78987600679902,9.101218466937437e-05,0.21995986762106384,0.025244374786548097,236.5,345.6,289.9,565.5,374.3,568.7
6,gomez,dyn,kws,0.8,1.1,40.28181915053545,0.00026869063977339103,1.5437737980181114,0.07891040276867108,16.6,150.5,204.7,111.7,-87.79429428505135,9.029152267895855e-05,0.4203974992715832,0.03223627233207402,236.4,346.4,292.5,543.1,389.0,567.9
7,gomez,dyn,kws,1.0,1.1,40.28444303354717,0.00026969090030685083,1.5589307171028186,0.07809970765978101,16.6,147.4,195.0,114.3,-87.79260967531286,9.05280220864643e-05,0.42178948977042624,0.03230306456234583,236.3,346.1,289.7,544.3,374.7,561.1
8,gomez,dyn,kws,1.2,1.1,40.286344714940576,0.00027032078505620245,1.568140601394947,0.0775479496673125,16.6,145.2,188.0,116.0,-87.79153725246736,9.067865586713826e-05,0.42264113659819025,0.03234848349567495,236.2,345.9,287.8,546.7,365.4,558.9
0,gomez,dyn,ktrpn,0.8,1.0,40.2255292590829,0.0002607413681741768,1.12838151208647,0.07039678985060024,16.3,152.1,205.9,125.0,-87.78740367315369,9.146165391513635e-05,0.1285301895358475,0.020057885703319112,236.7,345.4,292.6,578.7,390.7,577.4
1,gomez,dyn,ktrpn,1.0,1.0,40.233912960623286,0.0002607996826655525,1.1269184723240209,0.07034028895743817,16.4,152.5,205.1,124.4,-87.78776430102634,9.140788153439365e-05,0.12834793072993456,0.020033871310320223,236.7,345.4,293.0,577.8,389.3,575.7
2,gomez,dyn,ktrpn,1.2,1.0,40.24072630413639,0.00026083178059494594,1.125856538192122,0.07029836776042508,16.4,152.8,204.6,124.0,-87.78801173956582,9.137100317338029e-05,0.12822513707533992,0.020017544739079886,236.7,345.5,293.2,577.2,388.4,574.6
3,gomez,dyn,ktrpn,0.8,1.05,40.248042266097166,0.00026439183976013485,1.2971628340586359,0.07360611435251925,16.4,150.0,201.5,120.5,-87.79061748267648,9.091069173764624e-05,0.21966248535309282,0.02520708555526696,236.6,345.7,291.4,565.2,385.7,576.5
4,gomez,dyn,ktrpn,1.0,1.05,40.25733783399599,0.0002644487800351991,1.2955551603051063,0.07354843851911094,16.5,150.4,200.8,119.9,-87.79090903889815,9.086695649357913e-05,0.21939646513372354,0.025193428075752144,236.6,345.7,291.8,564.4,384.4,575.2
5,gomez,dyn,ktrpn,1.2,1.05,40.264693503788905,0.00026448237032526657,1.2944136287111758,0.0735066985683281,16.5,150.7,200.3,119.5,-87.79110850998497,9.083707820654698e-05,0.21921660043023478,0.025184102759749298,236.6,345.8,292.0,563.9,383.6,574.4
6,gomez,dyn,ktrpn,0.8,1.1,40.27441459994911,0.0002696354745602549,1.5606792848595432,0.07815820773007309,16.5,147.0,195.6,114.7,-87.79239240607707,9.056100585036196e-05,0.422022984055573,0.03231195495920497,236.3,346.1,289.4,544.9,375.9,561.9
7,gomez,dyn,ktrpn,1.0,1.1,40.28444303354717,0.00026969090030685083,1.5589307171028186,0.07809970765978101,16.6,147.4,195.0,114.3,-87.79260967531286,9.05280220864643e-05,0.42178948977042624,0.03230306456234583,236.3,346.1,289.7,544.3,374.7,561.1
8,gomez,dyn,ktrpn,1.2,1.1,40.29214764418888,0.0002697259603243552,1.557712923866228,0.07805854971418177,16.6,147.7,194.6,113.9,-87.79275804940599,9.050556283468092e-05,0.42163131346465654,0.03229696942477577,236.3,346.2,289.9,543.9,374.0,560.6
0,gomez,dyn,Trpn50,0.8,1.0,40.23612751314837,0.0002638700250491299,1.3920778729958987,0.06677754870995195,16.3,150.1,208.9,121.9,-87.7886311511758,9.125607590331098e-05,0.187038105289159,0.018090376446282183,236.5,345.5,290.4,566.6,394.1,561.6
1,gomez,dyn,Trpn50,1.0,1.0,40.233912960623286,0.0002607996826655525,1.1269184723240209,0.07034028895743817,16.4,152.5,205.1,124.4,-87.78776430102634,9.140788153439365e-05,0.12834793072993456,0.020033871310320223,236.7,345.4,293.0,577.8,389.3,575.7
2,gomez,dyn,Trpn50,1.2,1.0,40.2297310268944,0.0002575066951676364,0.9368440512803541,0.07357791804078921,16.4,155.4,204.4,126.9,-87.78715605456553,9.151444216592686e-05,0.09259381367259159,0.02142429415494514,237.0,345.4,295.9,590.3,385.0,589.3
3,gomez,dyn,Trpn50,0.8,1.05,40.258179044856725,0.000267133777308089,1.5640312005647135,0.0693224233765824,16.4,148.4,205.5,118.0,-87.79201736252405,9.069039988414388e-05,0.2745278950293938,0.02245661539723378,236.4,345.8,289.5,555.8,394.4,566.0
4,gomez,dyn,Trpn50,1.0,1.05,40.25733783399599,0.0002644487800351991,1.2955551603051063,0.07354843851911094,16.5,150.4,200.8,119.9,-87.79090903889815,9.086695649357913e-05,0.21939646513372354,0.025193428075752144,236.6,345.7,291.8,564.4,384.4,575.2
5,gomez,dyn,Trpn50,1.2,1.05,40.25393840655911,0.00026169260966156185,1.1040552712936347,0.07759088492246143,16.5,152.8,198.9,121.1,-87.78950191381914,9.109404527637724e-05,0.17971209296204854,0.02752088946767468,236.8,345.7,294.2,574.1,379.9,587.3
6,gomez,dyn,Trpn50,0.8,1.1,40.280571503567984,0.0002712281207980382,1.8247361811805016,0.0727655445771866,16.5,146.4,201.3,113.5,-87.79338621050935,9.041752655815783e-05,0.48848600705308204,0.02789823012842441,236.2,346.1,288.2,537.7,385.4,546.2
7,gomez,dyn,Trpn50,1.0,1.1,40.28444303354717,0.00026969090030685083,1.5589307171028186,0.07809970765978101,16.6,147.4,195.0,114.3,-87.79260967531286,9.05280220864643e-05,0.42178948977042624,0.03230306456234583,236.3,346.1,289.7,544.3,374.7,561.1
8,gomez,dyn,Trpn50,1.2,1.1,40.28507955012569,0.0002680141790567557,1.369729706421713,0.08358136511326761,16.7,148.6,191.4,104.2,-87.79156900984702,9.0685013586942e-05,0.36966069448168004,0.03627844593637755,236.5,346.1,291.0,552.2,370.7,579.5
0,gomez,dyn,gammaw,0.8,1.0,40.233912960623286,0.0002607996826655525,1.1269184723240209,0.07034028895743817,16.4,152.5,205.1,124.4,-87.78776430102634,9.140788153439365e-05,0.12834793072993456,0.020033871310320223,236.7,345.4,293.0,577.8,389.3,575.7
1,gomez,dyn,gammaw,1.0,1.0,40.233912960623286,0.0002607996826655525,1.1269184723240209,0.07034028895743817,16.4,152.5,205.1,124.4,-87.78776430102634,9.140788153439365e-05,0.12834793072993456,0.020033871310320223,236.7,345.4,293.0,577.8,389.3,575.7
2,gomez,dyn,gammaw,1.2,1.0,40.233912960623286,0.0002607996826655525,1.1269184723240209,0.07034028895743817,16.4,152.5,205.1,124.4,-87.78776430102634,9.140788153439365e-05,0.12834793072993456,0.020033871310320223,236.7,345.4,293.0,577.8,389.3,575.7
3,gomez,dyn,gammaw,0.8,1.05,40.25733783399599,0.0002644487800351991,1.2955551603051063,0.07354843851911094,16.5,150.4,200.8,119.9,-87.79090903889815,9.086695649357913e-05,0.21939646513372354,0.025193428075752144,236.6,345.7,291.8,564.4,384.4,575.2
4,gomez,dyn,gammaw,1.0,1.05,40.25733783399599,0.0002644487800351991,1.2955551603051063,0.07354843851911094,16.5,150.4,200.8,119.9,-87.79090903889815,9.086695649357913e-05,0.21939646513372354,0.025193428075752144,236.6,345.7,291.8,564.4,384.4,575.2
5,gomez,dyn,gammaw,1.2,1.05,40.25733783399599,0.0002644487800351991,1.2955551603051063,0.07354843851911094,16.5,150.4,200.8,119.9,-87.79090903889815,9.086695649357913e-05,0.21939646513372354,0.025193428075752144,236.6,345.7,291.8,564.4,384.4,575.2
6,gomez,dyn,gammaw,0.8,1.1,40.28444303354717,0.00026969090030685083,1.5589307171028186,0.07809970765978101,16.6,147.4,195.0,114.3,-87.79260967531286,9.05280220864643e-05,0.42178948977042624,0.03230306456234583,236.3,346.1,289.7,544.3,374.7,561.1
7,gomez,dyn,gammaw,1.0,1.1,40.28444303354717,0.00026969090030685083,1.5589307171028186,0.07809970765978101,16.6,147.4,195.0,114.3,-87.79260967531286,9.05280220864643e-05,0.42178948977042624,0.03230306456234583,236.3,346.1,289.7,544.3,374.7,561.1
8,gomez,dyn,gammaw,1.2,1.1,40.28444303354717,0.00026969090030685083,1.5589307171028186,0.07809970765978101,16.6,147.4,195.0,114.3,-87.79260967531286,9.05280220864643e-05,0.42178948977042624,0.03230306456234583,236.3,346.1,289.7,544.3,374.7,561.1
0,gomez,dyn,gammas,0.8,1.0,40.233912960623286,0.0002607996826655525,1.1269184723240209,0.07034028895743817,16.4,152.5,205.1,124.4,-87.78776430102634,9.140788153439365e-05,0.12834793072993456,0.020033871310320223,236.7,345.4,293.0,577.8,389.3,575.7
1,gomez,dyn,gammas,1.0,1.0,40.233912960623286,0.0002607996826655525,1.1269184723240209,0.07034028895743817,16.4,152.5,205.1,124.4,-87.78776430102634,9.140788153439365e-05,0.12834793072993456,0.020033871310320223,236.7,345.4,293.0,577.8,389.3,575.7
2,gomez,dyn,gammas,1.2,1.0,40.233912960623286,0.0002607996826655525,1.1269184723240209,0.07034028895743817,16.4,152.5,205.1,124.4,-87.78776430102634,9.140788153439365e-05,0.12834793072993456,0.020033871310320223,236.7,345.4,293.0,577.8,389.3,575.7
3,gomez,dyn,gammas,0.8,1.05,40.25733783399599,0.0002644487800351991,1.2955551603051063,0.07354843851911094,16.5,150.4,200.8,119.9,-87.79090903889815,9.086695649357913e-05,0.21939646513372354,0.025193428075752144,236.6,345.7,291.8,564.4,384.4,575.2
4,gomez,dyn,gammas,1.0,1.05,40.25733783399599,0.0002644487800351991,1.2955551603051063,0.07354843851911094,16.5,150.4,200.8,119.9,-87.79090903889815,9.086695649357913e-05,0.21939646513372354,0.025193428075752144,236.6,345.7,291.8,564.4,384.4,575.2
5,gomez,dyn,gammas,1.2,1.05,40.25733783399599,0.0002644487800351991,1.2955551603051063,0.07354843851911094,16.5,150.4,200.8,119.9,-87.79090903889815,9.086695649357913e-05,0.21939646513372354,0.025193428075752144,236.6,345.7,291.8,564.4,384.4,575.2
6,gomez,dyn,gammas,0.8,1.1,40.28444303354717,0.00026969090030685083,1.5589307171028186,0.07809970765978101,16.6,147.4,195.0,114.3,-87.79260967531286,9.05280220864643e-05,0.42178948977042624,0.03230306456234583,236.3,346.1,289.7,544.3,374.7,561.1
7,gomez,dyn,gammas,1.0,1.1,40.28444303354717,0.00026969090030685083,1.5589307171028186,0.07809970765978101,16.6,147.4,195.0,114.3,-87.79260967531286,9.05280220864643e-05,0.42178948977042624,0.03230306456234583,236.3,346.1,289.7,544.3,374.7,561.1
8,gomez,dyn,gammas,1.2,1.1,40.28444303354717,0.00026969090030685083,1.5589307171028186,0.07809970765978101,16.6,147.4,195.0,114.3,-87.79260967531286,9.05280220864643e-05,0.42178948977042624,0.03230306456234583,236.3,346.1,289.7,544.3,374.7,561.1
0,gomez,dyn,rs,0.8,1.0,40.23593349970188,0.00026172961085865434,1.1431183950571988,0.06964847873487005,16.4,149.1,193.5,126.1,-87.78643135508705,9.159439886989606e-05,0.12847120551603797,0.02011275161591573,236.6,345.2,290.3,578.6,373.3,561.3
1,gomez,dyn,rs,1.0,1.0,40.233912960623286,0.0002607996826655525,1.1269184723240209,0.07034028895743817,16.4,152.5,205.1,124.4,-87.78776430102634,9.140788153439365e-05,0.12834793072993456,0.020033871310320223,236.7,345.4,293.0,577.8,389.3,575.7
2,gomez,dyn,rs,1.2,1.0,40.2320672230882,0.0002596598476439736,1.1064140360666426,0.07105764083011366,16.4,155.8,216.7,123.3,-87.78947741856203,9.116551327983615e-05,0.1281843879191054,0.019931206752137488,236.9,345.6,295.8,579.4,407.8,597.4
3,gomez,dyn,rs,0.8,1.05,40.25966551841965,0.0002654101093491189,1.3112594561796476,0.07279435119929965,16.5,147.0,189.5,121.9,-87.78938741548859,9.108066553443456e-05,0.22021148570355123,0.02526911505628665,236.4,345.5,288.9,566.2,369.1,565.9
4,gomez,dyn,rs,1.0,1.05,40.25733783399599,0.0002644487800351991,1.2955551603051063,0.07354843851911094,16.5,150.4,200.8,119.9,-87.79090903889815,9.086695649357913e-05,0.21939646513372354,0.025193428075752144,236.6,345.7,291.8,564.4,384.4,575.2
5,gomez,dyn,rs,1.2,1.05,40.255158249594935,0.0002632718827783059,1.2755591186234636,0.07434714408497343,16.5,153.8,212.2,118.4,-87.79283284685762,9.059549064021372e-05,0.21825411080529625,0.02510359958195636,236.7,346.0,294.7,565.4,402.2,591.6
6,gomez,dyn,rs,0.8,1.1,40.287282237850064,0.0002706704845294632,1.5737157917577351,0.07727062586573896,16.6,144.0,184.2,116.8,-87.79102801736222,9.07500065294501e-05,0.4230324926719362,0.032370786080762964,236.1,345.8,286.7,548.0,360.6,557.9
7,gomez,dyn,rs,1.0,1.1,40.28444303354717,0.00026969090030685083,1.5589307171028186,0.07809970765978101,16.6,147.4,195.0,114.3,-87.79260967531286,9.05280220864643e-05,0.42178948977042624,0.03230306456234583,236.3,346.1,289.7,544.3,374.7,561.1
8,gomez,dyn,rs,1.2,1.1,40.28157865844508,0.00026848588186304234,1.5398885446687924,0.0789999828398684,16.6,150.8,206.0,111.8,-87.79452707458688,9.02589844918831e-05,0.4202020644838472,0.032227611929365074,236.5,346.4,292.9,543.4,391.1,569.8
0,gomez,dyn,rw,0.8,1.0,40.23266642619987,0.000259850935379386,1.108936556412854,0.07086158871218642,16.4,155.0,214.0,124.0,-87.78907391169926,9.122251586772564e-05,0.1282443400379224,0.019954775901098395,236.8,345.6,295.2,579.1,403.8,593.4
1,gomez,dyn,rw,1.0,1.0,40.233912960623286,0.0002607996826655525,1.1269184723240209,0.07034028895743817,16.4,152.5,205.1,124.4,-87.78776430102634,9.140788153439365e-05,0.12834793072993456,0.020033871310320223,236.7,345.4,293.0,577.8,389.3,575.7
2,gomez,dyn,rw,1.2,1.0,40.23462023742494,0.00026137058195849233,1.1382809664595541,0.07004726902302798,16.4,151.1,199.7,124.5,-87.78711397291588,9.1499141991891e-05,0.12839019710466257,0.020072991402856562,236.7,345.3,291.7,577.8,381.1,566.8
3,gomez,dyn,rw,0.8,1.05,40.25584796354278,0.0002634615121173276,1.2779163498879906,0.07413460424385217,16.5,153.0,209.5,119.2,-87.79236820107953,9.066118309514091e-05,0.21855742969368927,0.0251243611957859,236.7,345.9,294.1,565.3,398.3,588.7
4,gomez,dyn,rw,1.0,1.05,40.25733783399599,0.0002644487800351991,1.2955551603051063,0.07354843851911094,16.5,150.4,200.8,119.9,-87.79090903889815,9.086695649357913e-05,0.21939646513372354,0.025193428075752144,236.6,345.7,291.8,564.4,384.4,575.2
5,gomez,dyn,rw,1.2,1.05,40.258180271074856,0.0002650479439059141,1.3067442693017184,0.07321896571797733,16.5,148.9,195.5,120.1,-87.79018831062501,9.096795885408238e-05,0.2197667654885099,0.02522945376157112,236.5,345.6,290.4,564.9,376.6,569.0
6,gomez,dyn,rw,0.8,1.1,40.28243206253712,0.0002686722843945329,1.5420333852907973,0.07876595023652219,16.6,150.1,203.5,113.0,-87.79405510216944,9.032556531487618e-05,0.4206141607503075,0.03224544414419181,236.4,346.3,292.2,543.6,387.6,568.4
7,gomez,dyn,rw,1.0,1.1,40.28444303354717,0.00026969090030685083,1.5589307171028186,0.07809970765978101,16.6,147.4,195.0,114.3,-87.79260967531286,9.05280220864643e-05,0.42178948977042624,0.03230306456234583,236.3,346.1,289.7,544.3,374.7,561.1
8,gomez,dyn,rw,1.2,1.1,40.28554022676232,0.0002703151847294389,1.569699106808038,0.07772585978469433,16.6,145.8,189.9,114.7,-87.79188429064963,9.062915609103905e-05,0.4223445735224906,0.03233407320990675,236.2,346.0,288.2,545.8,367.5,558.4
0,gomez,dyn,Tref,0.8,1.0,40.23158774703828,0.0002590975603402153,1.0251276493911012,0.0721179364476549,16.4,154.5,206.5,125.1,-87.78763386397883,9.144094602631114e-05,0.10863553494497083,0.020770268500361257,236.9,345.5,294.8,583.8,388.3,583.5
1,gomez,dyn,Tref,1.0,1.0,40.233912960623286,0.0002607996826655525,1.1269184723240209,0.07034028895743817,16.4,152.5,205.1,124.4,-87.78776430102634,9.140788153439365e-05,0.12834793072993456,0.020033871310320223,236.7,345.4,293.0,577.8,389.3,575.7
2,gomez,dyn,Tref,1.2,1.0,40.23543942118894,0.00026207484104035227,1.2153637057267053,0.0689312376358184,16.4,151.0,204.1,123.9,-87.7879098338474,9.137535468942557e-05,0.14649155910218958,0.01939702881312666,236.6,345.4,291.6,573.5,390.4,569.7
3,gomez,dyn,Tref,0.8,1.05,40.25527177802409,0.0002629890070661966,1.1927931133996692,0.07573186153116984,16.5,152.2,201.6,119.9,-87.79043738187504,9.094755090110247e-05,0.1984208921197285,0.02636751523396081,236.7,345.8,293.4,568.9,383.2,581.4
4,gomez,dyn,Tref,1.0,1.05,40.25733783399599,0.0002644487800351991,1.2955551603051063,0.07354843851911094,16.5,150.4,200.8,119.9,-87.79090903889815,9.086695649357913e-05,0.21939646513372354,0.025193428075752144,236.6,345.7,291.8,564.4,384.4,575.2
5,gomez,dyn,Tref,1.2,1.05,40.25854955696434,0.00026557063210071944,1.3850696675828718,0.07185819958385668,16.5,149.0,200.1,119.8,-87.79119750934707,9.08168925545836e-05,0.23747532375562377,0.02424860042967484,236.5,345.7,290.5,561.2,385.9,570.9
6,gomez,dyn,Tref,0.8,1.1,40.284198482777896,0.0002687629983733291,1.4571520218206304,0.08092621276574419,16.6,148.7,195.1,101.8,-87.79237512229113,9.056591808693215e-05,0.3946565072906648,0.03428708766278542,236.4,346.2,291.1,547.7,373.7,570.0
7,gomez,dyn,Tref,1.0,1.1,40.28444303354717,0.00026969090030685083,1.5589307171028186,0.07809970765978101,16.6,147.4,195.0,114.3,-87.79260967531286,9.05280220864643e-05,0.42178948977042624,0.03230306456234583,236.3,346.1,289.7,544.3,374.7,561.1
8,gomez,dyn,Tref,1.2,1.1,40.284160242223,0.00027041128910349415,1.6477297034964493,0.07596240422620235,16.6,146.3,194.9,114.8,-87.79272669813929,9.050925553516734e-05,0.4443633619536927,0.030746670581578595,236.2,346.1,288.7,542.0,376.2,554.8
0,gomez,dyn,cat50ref,0.8,1.0,40.235778136379906,0.00025404547175692194,1.3148399130551578,0.07873029391969212,16.5,159.5,212.6,129.8,-87.78999506157542,9.109558084070865e-05,0.19794071191373186,0.025269286896266525,237.3,345.7,301.9,594.4,405.9,602.0
1,gomez,dyn,cat50ref,1.0,1.0,40.233912960623286,0.0002607996826655525,1.1269184723240209,0.07034028895743817,16.4,152.5,205.1,124.4,-87.78776430102634,9.140788153439365e-05,0.12834793072993456,0.020033871310320223,236.7,345.4,293.0,577.8,389.3,575.7
2,gomez,dyn,cat50ref,1.2,1.0,40.23095295641352,0.0002664762796853352,0.9632749249286144,0.06309745163428729,16.3,146.9,199.1,120.2,-87.78669991791203,9.153224079746944e-05,0.09545685554046221,0.015367596027375438,236.3,345.2,285.6,567.1,371.5,539.2
3,gomez,dyn,cat50ref,0.8,1.05,40.25617858696789,0.0002572897506837723,1.4866385084909661,0.0819265585362169,16.6,157.6,208.9,125.7,-87.79239731033343,9.06761660065536e-05,0.3205575847607723,0.030297672349571758,237.1,346.0,300.9,579.6,402.0,585.5
4,gomez,dyn,cat50ref,1.0,1.05,40.25733783399599,0.0002644487800351991,1.2955551603051063,0.07354843851911094,16.5,150.4,200.8,119.9,-87.79090903889815,9.086695649357913e-05,0.21939646513372354,0.025193428075752144,236.6,345.7,291.8,564.4,384.4,575.2
5,gomez,dyn,cat50ref,1.2,1.05,40.25237748776929,0.0002703862987870169,1.1276150090882073,0.0662980911645978,16.4,144.7,194.1,113.7,-87.78816444272908,9.12663663710342e-05,0.14590943509938417,0.020294184856528303,236.1,345.4,284.0,553.2,370.8,562.2
6,gomez,dyn,cat50ref,0.8,1.1,40.281072784197875,0.0002618970622697843,1.752225072123241,0.0864742915048634,16.7,155.0,204.1,120.5,-87.79424358929539,9.031861760122312e-05,0.552148985351606,0.03727285580555777,236.9,346.4,299.3,558.9,391.0,560.6
7,gomez,dyn,cat50ref,1.0,1.1,40.28444303354717,0.00026969090030685083,1.5589307171028186,0.07809970765978101,16.6,147.4,195.0,114.3,-87.79260967531286,9.05280220864643e-05,0.42178948977042624,0.03230306456234583,236.3,346.1,289.7,544.3,374.7,561.1
8,gomez,dyn,cat50ref,1.2,1.1,40.280984409905045,0.0002758776817062557,1.3862282125928314,0.07107486263676023,16.5,141.3,187.3,96.8,-87.79041647751264,9.083928242705099e-05,0.2959274615081911,0.027160314227799603,235.9,345.7,281.6,536.3,365.7,574.8
0,gomez,dyn,ntm,0.8,1.0,40.23523114467342,0.00026389031185736716,1.5422588800658907,0.06376257635091401,16.3,147.1,208.7,125.8,-87.79043175027695,9.09809962427865e-05,0.2723142820481979,0.015856626506352237,236.4,345.3,289.4,573.4,408.3,605.2
1,gomez,dyn,ntm,1.0,1.0,40.233912960623286,0.0002607996826655525,1.1269184723240209,0.07034028895743817,16.4,152.5,205.1,124.4,-87.78776430102634,9.140788153439365e-05,0.12834793072993456,0.020033871310320223,236.7,345.4,293.0,577.8,389.3,575.7
2,gomez,dyn,ntm,1.2,1.0,40.21729407878638,0.00025464839193382774,0.8184831855905428,0.0764482589722971,16.4,159.9,205.3,120.5,-87.7836626033635,9.206579182781624e-05,0.09530650444095827,0.021577726674327138,237.3,345.3,297.6,605.8,366.9,566.2
3,gomez,dyn,ntm,0.8,1.05,40.247454814079475,0.00026538074378648494,1.6940754151854127,0.06557605160548664,16.3,146.7,206.6,123.5,-87.79160465622392,9.07726704500679e-05,0.3844562770580337,0.018446512987214243,236.4,345.5,289.2,565.9,406.4,592.1
4,gomez,dyn,ntm,1.0,1.05,40.25733783399599,0.0002644487800351991,1.2955551603051063,0.07354843851911094,16.5,150.4,200.8,119.9,-87.79090903889815,9.086695649357913e-05,0.21939646513372354,0.025193428075752144,236.6,345.7,291.8,564.4,384.4,575.2
5,gomez,dyn,ntm,1.2,1.05,40.244789389276576,0.00026072532985924377,1.0031242696361509,0.08156187849669523,16.6,155.4,197.8,109.3,-87.78469854417894,9.183391601676323e-05,0.15968435517040622,0.029195323602181595,236.9,345.6,293.7,576.9,365.2,553.0
6,gomez,dyn,ntm,0.8,1.1,40.264821454709306,0.00026783265967646083,1.9319926211880465,0.06832940838726634,16.4,145.9,203.4,120.3,-87.79279064119885,9.054581838359458e-05,0.5953220868788441,0.022442532951612283,236.3,345.8,288.8,553.5,401.7,571.5
7,gomez,dyn,ntm,1.0,1.1,40.28444303354717,0.00026969090030685083,1.5589307171028186,0.07809970765978101,16.6,147.4,195.0,114.3,-87.79260967531286,9.05280220864643e-05,0.42178948977042624,0.03230306456234583,236.3,346.1,289.7,544.3,374.7,561.1
8,gomez,dyn,ntm,1.2,1.1,40.29519930764016,0.0002713479622475059,1.3053581669271037,0.08930308341625828,16.7,147.8,187.0,89.9,-87.79099196407161,9.073502559401876e-05,0.3018801700913378,0.04191151781766488,236.3,346.1,287.5,543.8,362.0,575.4
